公司名稱,電話,Email,官網
健食公司01,02-11110001,contact01@health.com,http://health01.com
健食公司02,02-11110002,contact02@health.com,http://health02.com
健食公司03,02-11110003,contact03@health.com,http://health03.com
健食公司04,02-11110004,contact04@health.com,http://health04.com
健食公司05,02-11110005,contact05@health.com,http://health05.com
健食公司06,02-11110006,contact06@health.com,http://health06.com
健食公司07,02-11110007,contact07@health.com,http://health07.com
健食公司08,02-11110008,contact08@health.com,http://health08.com
健食公司09,02-11110009,contact09@health.com,http://health09.com
健食公司10,02-11110010,contact10@health.com,http://health10.com
健食公司11,02-11110011,contact11@health.com,http://health11.com
健食公司12,02-11110012,contact12@health.com,http://health12.com
健食公司13,02-11110013,contact13@health.com,http://health13.com
健食公司14,02-11110014,contact14@health.com,http://health14.com
健食公司15,02-11110015,contact15@health.com,http://health15.com
健食公司16,02-11110016,contact16@health.com,http://health16.com
健食公司17,02-11110017,contact17@health.com,http://health17.com
健食公司18,02-11110018,contact18@health.com,http://health18.com
健食公司19,02-11110019,contact19@health.com,http://health19.com
健食公司20,02-11110020,contact20@health.com,http://health20.com
